Título,Link
Página Inicial,https://semprecomvoce-novo.vercel.app/
Andrea Nunes,https://semprecomvoce-novo.vercel.app/andrea-nunes
Apoie,https://semprecomvoce-novo.vercel.app/apoie
Obrigado (Apoie),https://semprecomvoce-novo.vercel.app/apoie/obrigado
Blog,https://semprecomvoce-novo.vercel.app/blog
Política de Privacidade,https://semprecomvoce-novo.vercel.app/politica-de-privacidade
Termos de Uso,https://semprecomvoce-novo.vercel.app/termos-de-uso
Voluntários,https://semprecomvoce-novo.vercel.app/voluntarios
Post do Blog,https://semprecomvoce-novo.vercel.app/blog/reunioes-com-nossa-paciente-apoio-emocional-e-orientacao-sobre-seus-direitos
Post do Blog,https://semprecomvoce-novo.vercel.app/blog/no-desfile-de-joinville-169-anos-o-instituto-sempre-com-voce-nas-ruas-da-cidade
Post do Blog,https://semprecomvoce-novo.vercel.app/blog/visita-ao-universo-down-uma-parceria-que-nasce-do-amor-ao-proximo
Post do Blog,https://semprecomvoce-novo.vercel.app/blog/assistidas-do-instituto-sempre-com-voce-sorrisos-que-contam-historias
Post do Blog,https://semprecomvoce-novo.vercel.app/blog/acao-entre-amigos-a-solidariedade-que-aquece-o-coracao
Post do Blog,https://semprecomvoce-novo.vercel.app/blog/acompanhamento-do-paciente-waldir-o-cuidado-que-vai-alem-das-fronteiras-da-cidade
Post do Blog,https://semprecomvoce-novo.vercel.app/blog/campanhas-para-o-tratamento-e-acompanhamento-dos-nossos-pacientes
Post do Blog,https://semprecomvoce-novo.vercel.app/blog/um-terreno-um-sonho-a-prefeitura-de-joinville-nos-abre-as-portas-para-a-nova-sede
Post do Blog,https://semprecomvoce-novo.vercel.app/blog/acompanhamento-do-paciente-antonio-giacomazzi-presenca-que-cura
Post do Blog,https://semprecomvoce-novo.vercel.app/blog/acompanhamento-do-paciente-infantil-arthur-cuidando-de-quem-mal-comecou-a-viver
Post do Blog,https://semprecomvoce-novo.vercel.app/blog/reunioes-com-pacientes-garantindo-a-continuidade-do-tratamento
Post do Blog,https://semprecomvoce-novo.vercel.app/blog/vibrando-a-vitoria-quatro-pacientes-recebem-alta-com-sucesso
Post do Blog,https://semprecomvoce-novo.vercel.app/blog/acao-de-angariamento-de-fundos-a-solidariedade-em-movimento
Post do Blog,https://semprecomvoce-novo.vercel.app/blog/na-alesc-apresentando-o-instituto-sempre-com-voce-para-santa-catarina
Post do Blog,https://semprecomvoce-novo.vercel.app/blog/em-florianopolis-com-a-paciente-ana-o-final-de-uma-jornada-o-inicio-de-uma-nova-vida
Post do Blog,https://semprecomvoce-novo.vercel.app/blog/paciente-sonia-mais-um-caso-de-sucesso-que-nos-enche-de-alegria
Post do Blog,https://semprecomvoce-novo.vercel.app/blog/acompanhamento-do-paciente-nelson-kopsch-cuidando-do-todo
Post do Blog,https://semprecomvoce-novo.vercel.app/blog/reuniao-com-a-prefeitura-de-joinville-direitos-e-caminhos-para-os-nossos-pacientes
Post do Blog,https://semprecomvoce-novo.vercel.app/blog/arrecadando-fundos-para-o-tratamento-do-antonio-malsckitzky
Post do Blog,https://semprecomvoce-novo.vercel.app/blog/celebrando-superacao-comemoracao-com-antonio-malsckitzky-e-evandro-sandro-de-moura
Post do Blog,https://semprecomvoce-novo.vercel.app/blog/vencendo-a-depressao-uma-batalha-que-tambem-e-nossa
Post do Blog,https://semprecomvoce-novo.vercel.app/blog/encerrando-2023-com-o-coracao-cheio-celebracao-com-nosso-grupo-da-terceira-idade
Post do Blog,https://semprecomvoce-novo.vercel.app/blog/2024-comeca-renovando-forcas-para-seguir-em-frente
Post do Blog,https://semprecomvoce-novo.vercel.app/blog/arrecadando-fundos-para-o-mario-junior-a-solidariedade-que-salva-vidas
Post do Blog,https://semprecomvoce-novo.vercel.app/blog/vania-claudia-e-gilda-tres-historias-uma-so-missao
Post do Blog,https://semprecomvoce-novo.vercel.app/blog/na-tv-da-cidade-levando-nossa-causa-para-os-lares-de-joinville
Post do Blog,https://semprecomvoce-novo.vercel.app/blog/por-amor-ao-zezinho-doacoes-para-o-tratamento-oncologico
Post do Blog,https://semprecomvoce-novo.vercel.app/blog/de-doce-em-doce-mantendo-o-instituto-vivo
Post do Blog,https://semprecomvoce-novo.vercel.app/blog/parceria-solida-com-a-cpma-seis-anos-de-trabalho-conjunto
Post do Blog,https://semprecomvoce-novo.vercel.app/blog/adair-uma-jornada-de-superacao-da-dor-e-da-depressao
Post do Blog,https://semprecomvoce-novo.vercel.app/blog/na-camara-de-vereadores-nossa-causa-ganha-voz-no-coracao-de-joinville
Post do Blog,https://semprecomvoce-novo.vercel.app/blog/planejando-a-nova-sede-reuniao-com-advogado-e-engenheiro
Post do Blog,https://semprecomvoce-novo.vercel.app/blog/capacitacao-em-trabalho-social-sempre-aprendendo-para-servir-melhor
Post do Blog,https://semprecomvoce-novo.vercel.app/blog/uma-tarde-com-cinco-quando-os-pacientes-se-encontram-e-trocam-forca
Post do Blog,https://semprecomvoce-novo.vercel.app/blog/arthur-francisco-e-katia-o-valor-de-quem-esta-sempre-do-lado
Post do Blog,https://semprecomvoce-novo.vercel.app/blog/atendimento-ao-alderico-a-dor-que-vai-alem-do-cancer
Post do Blog,https://semprecomvoce-novo.vercel.app/blog/inteligencia-emocional-crescendo-para-cuidar-melhor
Post do Blog,https://semprecomvoce-novo.vercel.app/blog/passeio-com-artur-mohr-celebrando-uma-vida-que-recomecou
Post do Blog,https://semprecomvoce-novo.vercel.app/blog/reconhecidos-pelos-deputados-estaduais-uma-honra-que-nos-fortalece
Post do Blog,https://semprecomvoce-novo.vercel.app/blog/parabens-ana-cristina-uma-recuperacao-que-e-motivo-de-muita-alegria
Post do Blog,https://semprecomvoce-novo.vercel.app/blog/walter-um-exemplo-vivo-de-superacao
Post do Blog,https://semprecomvoce-novo.vercel.app/blog/priscila-uma-nova-caminhada-que-comeca-com-esperanca
Post do Blog,https://semprecomvoce-novo.vercel.app/blog/o-instituto-recebe-o-apoio-do-vereador-brandel-junior
Post do Blog,https://semprecomvoce-novo.vercel.app/blog/rubens-de-paciente-a-parceiro-do-instituto
Post do Blog,https://semprecomvoce-novo.vercel.app/blog/apoio-aos-familiares-porque-a-dor-da-perda-tambem-precisa-de-cuidado
Post do Blog,https://semprecomvoce-novo.vercel.app/blog/casa-cheia-ex-pacientes-que-viraram-voluntarios
Post do Blog,https://semprecomvoce-novo.vercel.app/blog/lady-e-paulo-bem-vindos-a-nossa-familia
Post do Blog,https://semprecomvoce-novo.vercel.app/blog/com-o-prefeito-de-joinville-apresentando-nossa-missao-no-farol-do-saber
Post do Blog,https://semprecomvoce-novo.vercel.app/blog/olhando-para-2025-planejamento-com-o-time-juridico-do-instituto
Post do Blog,https://semprecomvoce-novo.vercel.app/blog/luto-que-vira-amor-samuel-e-juvelino-transformam-a-dor-em-voluntariado
Post do Blog,https://semprecomvoce-novo.vercel.app/blog/alceu-roque-com-muita-fe-um-tratamento-bem-sucedido
Post do Blog,https://semprecomvoce-novo.vercel.app/blog/milton-e-vinicios-com-as-esposas-ao-lado-o-tratamento-fica-mais-leve
Post do Blog,https://semprecomvoce-novo.vercel.app/blog/mesa-posta-para-oito-cuidado-que-tambem-alimenta-a-alma
Post do Blog,https://semprecomvoce-novo.vercel.app/blog/margarete-uma-historia-de-coragem-que-merece-ser-contada
Post do Blog,https://semprecomvoce-novo.vercel.app/blog/antes-pacientes-agora-voluntarios-alceu-e-eloi-inspiram-o-instituto
Post do Blog,https://semprecomvoce-novo.vercel.app/blog/evento-beneficente-com-a-terceira-idade-a-solidariedade-que-festeja
Post do Blog,https://semprecomvoce-novo.vercel.app/blog/palavras-amigas-das-freiras-fe-e-esperanca-que-chegam-de-maos-dadas
Post do Blog,https://semprecomvoce-novo.vercel.app/blog/cecilia-de-paciente-a-voluntaria-superamos-juntas
Post do Blog,https://semprecomvoce-novo.vercel.app/blog/evento-beneficente-de-junho-amor-em-forma-de-festa
